country,Timestamp,GHI,DNI,DHI,RH,WS
benin,2021-10-25,105.32458,11.367228,99.80273,87.57556,2.6191876
benin,2021-10-26,189.67134,82.09627,129.36873,86.23901,1.2848592
benin,2021-10-27,110.932236,19.033075,104.35439,89.989586,1.466784
benin,2021-10-28,244.96507,171.31721,107.133286,87.48895,1.8609773
benin,2021-10-29,250.58861,223.09894,95.422745,81.60564,1.6284506
benin,2021-10-30,58.282997,2.368728,57.05404,93.81518,1.6973296
benin,2021-10-31,205.7295,109.69061,111.66664,91.47239,1.4505255
benin,2021-11-01,184.03549,69.06562,118.712975,92.29317,1.2679218
benin,2021-11-02,134.39467,25.186455,114.02976,92.55663,1.199158
benin,2021-11-03,293.0874,215.05577,119.753426,81.78607,1.1977385
benin,2021-11-04,259.09277,158.56519,136.40823,78.81751,1.8450071
benin,2021-11-05,133.12637,43.999004,111.804634,84.68517,1.2853885
benin,2021-11-06,155.0719,19.230986,140.59492,83.82436,0.9376057
benin,2021-11-07,246.84181,187.66249,96.25141,83.16855,1.4943583
benin,2021-11-08,254.14252,141.05078,125.7744,85.595146,1.5206847
benin,2021-11-09,132.71378,8.921306,125.48278,91.19361,0.8810617
benin,2021-11-10,97.36423,5.417887,94.62106,93.78937,1.0682395
benin,2021-11-11,313.49075,304.87576,72.30474,82.22175,0.96131384
benin,2021-11-12,127.41842,8.790442,121.10351,87.682434,1.718482
benin,2021-11-13,247.33403,127.395004,133.4576,84.7219,1.2770423
benin,2021-11-14,214.61182,111.49692,130.97293,79.93979,1.647063
benin,2021-11-15,236.15958,118.59495,139.04007,84.56365,1.8734736
benin,2021-11-16,178.09853,27.04471,157.57639,78.76727,2.0780659
benin,2021-11-17,216.32127,80.606316,148.86018,82.18244,1.8071629
benin,2021-11-18,263.93344,156.84846,135.97577,79.38635,2.3404596
benin,2021-11-19,147.46396,35.780193,128.31673,85.46662,2.060602
benin,2021-11-20,287.4981,218.27171,115.06575,80.33655,1.5505241
benin,2021-11-21,80.378395,2.5380473,77.63554,89.89942,2.017875
benin,2021-11-22,200.90086,81.64872,138.18849,81.3816,1.3928977
benin,2021-11-23,291.4203,284.92712,82.25659,78.70063,1.7387798
benin,2021-11-24,133.46674,44.437195,100.585266,90.01972,1.6368421
benin,2021-11-25,220.97644,114.27818,129.51707,82.17308,1.3547553
benin,2021-11-26,223.14519,141.48824,100.894745,82.01612,2.2075684
benin,2021-11-27,95.42944,8.97387,86.911224,93.61526,1.476695
benin,2021-11-28,188.2327,72.081566,137.92741,89.03726,1.0012019
benin,2021-11-29,224.13354,144.5735,116.32197,86.722244,1.12894
benin,2021-11-30,207.17621,83.59398,145.20538,85.162,2.4446466
benin,2021-12-01,241.6212,125.33394,141.79062,87.029945,1.0221833
benin,2021-12-02,283.9448,222.71864,103.64224,80.98267,1.9559499
benin,2021-12-03,275.82602,170.27188,130.76492,78.73424,1.9459985
benin,2021-12-04,251.12756,128.71384,151.04755,82.51126,2.2562938
benin,2021-12-05,211.2493,98.70836,130.2741,81.243385,1.8322424
benin,2021-12-06,106.08504,25.777523,91.12561,94.53048,1.440849
benin,2021-12-07,168.69937,34.716213,140.95378,86.93494,1.0347252
benin,2021-12-08,239.87337,184.62663,111.12742,84.80412,1.6917483
benin,2021-12-09,290.80176,267.5635,87.33824,80.2642,1.5037682
benin,2021-12-10,293.5138,232.66383,112.49401,77.15324,1.6863414
benin,2021-12-11,289.4131,245.40393,99.32289,75.93158,1.9292016
benin,2021-12-12,276.5021,232.49838,101.34564,78.29261,1.4916376
benin,2021-12-13,207.47205,116.27457,107.43466,86.790215,1.0981132
benin,2021-12-14,227.06169,81.1376,154.41275,84.06477,1.3006303
benin,2021-12-15,262.55966,204.8241,93.964836,83.544075,1.2162952
benin,2021-12-16,281.10834,269.86115,76.605804,78.545364,1.8857042
benin,2021-12-17,279.31192,281.42502,67.01968,75.01612,1.212358
benin,2021-12-18,255.9203,228.23907,92.05547,76.83575,1.0528644
benin,2021-12-19,252.34625,180.34604,114.122345,76.49444,1.4451106
benin,2021-12-20,236.60963,160.22514,116.9239,78.57162,1.687647
benin,2021-12-21,253.4274,189.23413,107.68377,75.16581,1.5444207
benin,2021-12-22,240.82388,168.85379,112.12402,74.204895,1.1737775
benin,2021-12-23,275.57892,225.83388,103.77411,71.725815,1.6955446
benin,2021-12-24,267.00436,234.45491,89.58382,72.864456,1.6614841
benin,2021-12-25,281.38974,284.3672,73.32881,72.90986,1.6256644
benin,2021-12-26,290.27545,308.29797,65.259636,69.78337,1.9439805
benin,2021-12-27,189.34201,220.75601,48.113583,71.86744,2.039873
benin,2021-12-28,246.64291,270.58264,49.621845,70.60201,1.6852827
benin,2021-12-29,279.59067,314.51694,55.97013,68.92818,1.6111581
benin,2021-12-30,286.44916,297.86026,61.704983,65.55332,2.117598
benin,2021-12-31,192.06728,71.72905,136.6491,77.928566,2.1294782
benin,2022-01-01,268.84375,245.81018,87.88283,73.132935,2.3108833
benin,2022-01-02,254.01318,285.53674,54.78238,71.23202,1.9297277
benin,2022-01-03,211.88312,113.53798,124.297424,73.6671,1.6680973
benin,2022-01-04,255.0197,202.75928,102.367065,71.36317,1.5635269
benin,2022-01-05,244.09845,184.60616,107.35263,66.012245,2.0382786
benin,2022-01-06,157.53783,67.09074,114.07284,81.01404,1.8865263
benin,2022-01-07,236.36671,131.89717,129.61208,75.02812,1.2334982
benin,2022-01-08,247.1308,170.76765,115.1846,68.41076,1.5711673
benin,2022-01-09,247.02751,197.28519,104.09071,74.13438,1.7279943
benin,2022-01-10,249.7805,221.5026,87.29268,70.79408,1.7092254
benin,2022-01-11,247.43842,238.9269,78.59621,68.47788,1.8827248
benin,2022-01-12,252.92644,258.0528,73.58692,65.95699,1.4942658
benin,2022-01-13,293.96396,272.51093,97.450325,58.796555,1.2688835
benin,2022-01-14,253.36275,232.61311,88.13523,63.689053,1.5097543
benin,2022-01-15,260.20953,226.93083,96.133965,60.5613,1.3285714
benin,2022-01-16,217.10426,92.40943,146.44954,66.78056,1.0858171
benin,2022-01-17,272.79883,218.24464,115.03853,60.958916,1.096279
benin,2022-01-18,280.84888,259.0733,93.98261,57.293186,1.1349256
benin,2022-01-19,252.85376,238.906,83.32721,61.56803,1.3463058
benin,2022-01-20,269.79504,264.0917,81.64869,59.496944,1.3883721
benin,2022-01-21,264.2635,279.1247,71.9271,59.909634,1.4988405
benin,2022-01-22,251.90976,260.34348,74.36349,58.145527,1.3727273
benin,2022-01-23,260.69916,279.0861,69.293785,60.80726,1.5714071
benin,2022-01-24,260.06775,260.7272,73.80518,63.394814,1.5096992
benin,2022-01-25,228.39491,228.57475,54.689346,64.68695,1.4880309
benin,2022-01-26,213.73428,215.97061,69.99909,61.954964,1.4364662
benin,2022-01-27,245.87129,249.68498,80.66302,62.66702,1.3080702
benin,2022-01-28,231.0308,272.41504,55.95708,64.77308,0.9490829
benin,2022-01-29,186.26779,159.03061,91.99307,60.852985,1.343586
benin,2022-01-30,119.73613,50.40644,92.03669,73.538574,0.84674
benin,2022-01-31,222.54341,190.15912,81.696014,53.191433,1.2304494
benin,2022-02-01,229.28989,214.06168,85.963615,58.085243,1.472278
benin,2022-02-02,282.77145,271.98294,97.15573,51.17791,0.93780804
benin,2022-02-03,254.96153,300.73947,58.90452,52.709454,1.3989415
benin,2022-02-04,269.84088,326.25803,56.76688,48.116302,1.7248551
benin,2022-02-05,258.66544,295.6342,64.60379,51.789185,1.4930478
benin,2022-02-06,265.7773,318.41052,57.72921,49.525127,1.2461082
benin,2022-02-07,272.1693,331.06696,60.313004,46.749054,1.4029478
benin,2022-02-08,246.441,274.03088,62.91389,51.385544,1.1742456
benin,2022-02-09,265.11862,335.34042,50.89129,52.586758,1.4289659
benin,2022-02-10,263.93814,345.01077,45.357285,50.967426,1.5216429
benin,2022-02-11,264.8468,328.44553,55.126324,44.411858,1.4264644
benin,2022-02-12,232.95827,190.22365,106.32653,53.098732,1.3565094
benin,2022-02-13,257.2166,302.7196,62.1792,49.77171,1.527311
benin,2022-02-14,238.12794,271.84024,60.53195,50.08525,1.2851826
benin,2022-02-15,233.54102,221.01027,89.88704,45.293343,2.0101275
benin,2022-02-16,242.09369,231.08458,87.41444,42.022144,1.5411352
benin,2022-02-17,213.25977,74.93371,157.61723,45.75536,1.2601261
benin,2022-02-18,212.94972,80.009705,156.0045,47.593388,1.4038678
benin,2022-02-19,233.29726,188.36676,105.74772,45.208084,1.3024596
benin,2022-02-20,240.2295,216.90717,94.7338,45.73071,1.3534083
benin,2022-02-21,224.54832,86.813446,159.59184,48.88874,1.430168
benin,2022-02-22,227.61,191.96713,92.327126,32.740227,2.0359774
benin,2022-02-23,228.81145,207.2977,89.10151,39.150394,1.6025918
benin,2022-02-24,205.77618,103.3319,141.10599,37.17331,1.4296479
benin,2022-02-25,203.7088,120.8578,115.092186,38.82693,1.4772153
benin,2022-02-26,212.54077,172.98434,92.713264,44.061424,1.3492948
benin,2022-02-27,209.21478,208.47334,73.34807,45.785286,1.2440714
benin,2022-02-28,221.8202,258.07916,59.411057,35.763287,1.6036854
benin,2022-03-01,219.32755,219.9649,83.91568,38.039474,1.2875
benin,2022-03-02,210.70612,148.51588,109.25401,29.949295,2.2493672
benin,2022-03-03,221.8984,228.05473,78.25907,27.422705,2.6574113
benin,2022-03-04,236.3941,259.91028,70.757164,28.34305,3.0056736
benin,2022-03-05,234.42302,244.96745,75.54477,27.900848,2.9965396
benin,2022-03-06,244.16824,261.48178,69.542145,28.051472,3.1004908
benin,2022-03-07,228.01505,249.45274,69.58136,27.68976,2.87387
benin,2022-03-08,214.69133,176.37949,93.902954,25.352148,2.8801973
benin,2022-03-09,222.4662,227.3102,71.51836,32.881077,1.9818568
benin,2022-03-10,234.85893,267.89212,62.88024,27.246204,2.354993
benin,2022-03-11,214.0182,226.17465,67.586365,36.10978,1.4952177
benin,2022-03-12,217.82208,200.81578,85.77155,36.1695,1.3506016
benin,2022-03-13,221.20222,197.18774,93.66688,34.076847,1.9633691
benin,2022-03-14,181.78377,198.93617,66.94534,33.262344,2.0213509
benin,2022-03-15,225.59088,248.94176,65.09526,29.39484,2.4369612
benin,2022-03-16,211.90443,185.37044,95.895424,35.021545,1.6839657
benin,2022-03-17,218.4169,265.21582,48.72813,38.758823,1.5213424
benin,2022-03-18,247.09122,292.89008,50.73041,33.945007,1.6522694
benin,2022-03-19,238.75949,289.62622,54.000355,31.569437,2.2504618
benin,2022-03-20,220.12288,199.02704,86.95007,28.843979,2.9716713
benin,2022-03-21,122.40354,23.89184,104.65783,32.268013,2.6162455
benin,2022-03-22,103.86758,6.5175414,97.40366,40.18246,1.4925952
benin,2022-03-23,199.19154,85.659225,136.07108,44.62972,0.97114146
benin,2022-03-24,222.59348,170.65698,105.25496,40.0462,1.5490224
benin,2022-03-25,217.72472,171.67848,101.076775,32.733097,2.096946
benin,2022-03-26,258.68658,240.95003,99.24826,27.403395,2.4104285
benin,2022-03-27,228.01389,226.87833,76.148476,26.708435,2.4361446
benin,2022-03-28,274.34155,238.38007,109.37387,29.03439,2.3097663
benin,2022-03-29,263.88824,243.87817,102.61194,29.644726,1.7252657
benin,2022-03-30,215.94876,219.92816,55.818897,38.077446,1.2244254
benin,2022-03-31,129.15189,159.355,38.192684,39.58461,1.0334735
benin,2022-04-01,248.37372,307.93933,52.954403,33.62981,1.3883721
benin,2022-04-02,222.18906,258.1173,56.32394,28.519033,1.8061932
benin,2022-04-03,245.51541,262.88858,67.642395,27.397892,1.9278545
benin,2022-04-04,250.7151,295.71378,62.808502,29.664162,1.6651441
benin,2022-04-05,227.63606,217.92235,83.5842,27.827442,2.9820402
benin,2022-04-06,250.96994,214.93733,94.92591,22.456793,2.9868598
benin,2022-04-07,223.81331,207.75809,83.63559,29.74794,2.5250735
benin,2022-04-08,263.7664,270.61295,81.61526,27.211475,2.673408
benin,2022-04-09,248.42502,242.64912,82.831985,24.749111,2.653376
benin,2022-04-10,151.3859,193.97942,47.754192,26.681078,2.2087967
benin,2022-04-11,253.72453,300.64978,45.350315,21.390802,2.7069433
benin,2022-04-12,256.13733,313.40616,53.204666,20.81889,2.8805184
benin,2022-04-13,281.27112,334.96722,62.644764,19.399921,3.368985
benin,2022-04-14,216.98375,233.04047,61.025215,22.119799,2.9371388
benin,2022-04-15,247.78302,206.85431,102.196144,22.543863,2.7843182
benin,2022-04-16,248.92996,70.80854,192.0789,23.93046,3.0488703
benin,2022-04-17,236.57475,148.01251,123.36685,19.832575,3.2222617
benin,2022-04-18,233.75714,245.08467,70.03329,18.918367,3.0743139
benin,2022-04-19,201.9847,201.924,70.39335,17.610332,3.4169798
benin,2022-04-20,299.67502,324.76385,73.454704,16.93698,2.9742682
benin,2022-04-21,283.3805,136.3147,180.9446,28.293676,1.9397628
benin,2022-04-22,244.8214,190.79189,107.85623,25.880419,2.017972
benin,2022-04-23,234.87122,148.51846,122.90759,19.047531,3.0742307
benin,2022-04-24,245.61816,126.23285,149.1283,22.35036,2.5926194
benin,2022-04-25,225.73636,79.283646,162.05386,23.885284,2.068857
benin,2022-04-26,232.71643,76.50144,172.60957,25.098125,1.7463256
benin,2022-04-27,246.69258,98.62952,166.8157,28.418665,1.5163884
benin,2022-04-28,203.7344,125.35546,106.856636,30.234013,1.3563236
benin,2022-04-29,248.65338,230.91896,90.00231,24.100649,1.8427851
benin,2022-04-30,250.0101,262.1136,72.299706,27.704433,1.6263808
benin,2022-05-01,256.1989,198.7092,110.21007,20.975834,2.0985117
benin,2022-05-02,229.40942,111.32836,145.37114,29.047785,1.2298572
benin,2022-05-03,219.28918,129.0058,126.04928,32.369015,1.1137881
benin,2022-05-04,246.29785,193.16368,102.52116,25.864672,1.6341879
benin,2022-05-05,256.035,199.34828,107.428215,26.357428,1.6762142
benin,2022-05-06,255.26663,207.65102,100.80977,29.651314,1.3930029
benin,2022-05-07,268.23907,234.07832,101.321594,26.273212,1.7326789
benin,2022-05-08,273.93622,258.8002,81.995,19.245148,2.3699017
benin,2022-05-09,275.9864,208.18762,111.05398,20.55553,2.3286157
benin,2022-05-10,256.67355,134.62933,149.3242,17.120983,2.8106666
benin,2022-05-11,170.93135,47.389526,134.4153,22.850668,1.7205794
benin,2022-05-12,284.18024,249.63803,100.55096,22.592943,1.749259
benin,2022-05-13,315.64935,247.11497,127.58726,22.969427,1.6437101
benin,2022-05-14,302.30222,318.58273,75.88059,19.311882,2.2009594
benin,2022-05-15,304.66742,246.8837,114.552246,16.72943,2.867042
benin,2022-05-16,273.26807,130.7431,169.12431,17.819641,2.1458273
benin,2022-05-17,254.94147,126.71586,154.00491,23.223087,2.016
benin,2022-05-18,263.59323,164.98184,133.02696,28.252625,1.4023323
benin,2022-05-19,268.6925,220.27519,98.74131,24.198141,1.2177984
benin,2022-05-20,248.9417,134.49832,139.975,24.130177,1.1216472
benin,2022-05-21,226.21263,129.5644,125.54079,26.890896,1.7349135
benin,2022-05-22,240.0545,154.15157,119.62937,19.562561,1.7848295
benin,2022-05-23,237.71243,136.80515,126.04492,24.488089,2.215588
benin,2022-05-24,222.70651,96.75764,143.56273,23.916122,1.256082
benin,2022-05-25,251.8154,179.0374,109.30177,23.016151,1.5140117
benin,2022-05-26,269.06256,166.63312,133.18443,17.24655,2.4919972
benin,2022-05-27,304.72064,205.7633,139.89565,15.359189,2.1450934
benin,2022-05-28,286.3976,130.65816,172.5547,17.719946,2.2644503
benin,2022-05-29,187.63007,49.17682,148.9729,23.222889,1.4101481
benin,2022-05-30,130.43326,5.1775393,124.97919,26.379112,1.1293992
benin,2022-05-31,124.905106,2.1560838,121.842514,23.651749,1.8361539
benin,2022-06-01,157.27783,39.494297,123.65923,21.97876,1.9700642
benin,2022-06-02,256.3917,102.19845,168.74171,16.90592,2.1854827
benin,2022-06-03,105.431046,5.64405,100.08802,20.64841,2.2048042
benin,2022-06-04,102.9919,6.8435516,97.17131,24.05342,1.4427767
benin,2022-06-05,125.81377,21.13234,109.32836,23.816744,1.6459479
benin,2022-06-06,238.26025,71.28284,175.32832,20.933962,1.8190442
benin,2022-06-07,230.97766,87.15883,154.91978,35.04088,1.944249
benin,2022-06-08,170.04811,46.428635,128.00444,44.375805,2.6351469
benin,2022-06-09,250.92995,123.3199,149.31424,27.93254,1.9019554
benin,2022-06-10,272.95715,202.13791,111.93421,30.180538,1.8891068
benin,2022-06-11,233.65002,95.07925,153.10022,36.55366,2.055295
benin,2022-06-12,103.67249,12.870469,93.81249,24.422382,1.6015884
benin,2022-06-13,233.42747,78.910164,168.59517,14.955082,2.8421052
benin,2022-06-14,216.50597,84.932945,146.02159,13.092618,2.549184
benin,2022-06-15,271.1837,93.07897,186.47285,12.335725,2.4139242
benin,2022-06-16,242.71379,79.90929,175.94789,14.062191,1.4347605
benin,2022-06-17,253.49199,78.01027,182.43591,17.77939,1.6200424
benin,2022-06-18,236.3121,83.68444,162.7293,22.569897,1.6279736
benin,2022-06-19,272.42596,128.50839,159.89732,27.613047,2.0931594
benin,2022-06-20,271.8957,178.86009,124.12103,32.3686,2.1712446
benin,2022-06-21,239.41502,152.79607,113.767654,31.953394,2.4294116
benin,2022-06-22,262.33603,181.07555,112.65506,35.391537,2.680463
benin,2022-06-23,268.208,173.49901,127.287575,36.25312,1.9524913
benin,2022-06-24,273.06815,176.10532,122.64556,37.311947,2.4369671
benin,2022-06-25,243.72357,114.44485,154.89326,39.25635,3.172842
benin,2022-06-26,234.63606,125.891594,124.71654,44.923378,3.7520313
benin,2022-06-27,206.75626,103.97663,122.6598,44.25675,2.684659
benin,2022-06-28,225.30084,177.45457,73.79907,41.502285,3.1937857
benin,2022-06-29,248.2259,118.420364,147.71358,42.03749,4.0394835
benin,2022-06-30,215.06224,151.14485,87.01431,50.105965,3.7649825
benin,2022-07-01,248.23006,162.55063,116.24152,45.14493,3.8863063
benin,2022-07-02,201.65569,68.22461,149.0805,61.88338,3.320288
benin,2022-07-03,215.26196,87.739975,142.71504,54.07883,2.199234
benin,2022-07-04,285.4491,171.4019,131.81358,26.91133,2.8680506
benin,2022-07-05,243.87144,146.43353,122.39986,39.7074,2.1818652
benin,2022-07-06,289.72113,216.73788,108.10907,37.078495,3.0901616
benin,2022-07-07,252.76128,105.4595,157.0762,43.550526,3.6371226
benin,2022-07-08,266.96,179.94215,120.16007,48.98007,3.024964
benin,2022-07-09,266.8055,207.3905,99.2454,41.39551,3.0332599
benin,2022-07-10,292.2057,192.02798,141.20183,30.367462,2.385414
benin,2022-07-11,256.73242,143.3068,147.96552,44.90224,2.7292223
benin,2022-07-12,264.02567,225.3559,85.885796,33.44431,2.587279
benin,2022-07-13,275.28143,226.12892,97.66707,34.085613,2.2253172
benin,2022-07-14,165.59084,16.575035,152.78075,44.456135,2.8978138
benin,2022-07-15,215.39609,114.05344,131.64279,40.330673,1.8545455
benin,2022-07-16,247.05132,156.50876,114.2593,32.7474,1.8650748
benin,2022-07-17,253.48337,170.70891,115.760506,35.936962,3.3116565
benin,2022-07-18,266.81558,211.48544,98.86113,37.4867,2.3283615
benin,2022-07-19,247.92888,123.83256,146.94872,42.103382,3.6509025
benin,2022-07-20,227.08223,99.33835,145.38524,46.96914,2.5749476
benin,2022-07-21,200.23367,71.58894,141.09227,47.620304,2.549133
benin,2022-07-22,201.3061,67.25042,146.47899,42.772957,3.347135
benin,2022-07-23,170.54155,33.874783,137.3315,44.908092,3.146821
benin,2022-07-24,251.27153,139.2769,134.08165,44.865456,2.6716678
benin,2022-07-25,172.23105,99.31466,85.53622,58.863644,3.859665
benin,2022-07-26,229.35866,74.831184,166.69934,56.126484,2.9848185
benin,2022-07-27,196.68152,111.84201,127.437904,50.831528,2.1598241
benin,2022-07-28,252.65848,169.46098,116.61898,49.107395,2.8426378
benin,2022-07-29,255.18697,210.25294,83.70623,49.562206,3.4169853
benin,2022-07-30,231.46864,131.45508,120.233795,49.784466,3.1299512
benin,2022-07-31,259.39844,184.90283,113.239075,65.482765,2.8374443
benin,2022-08-01,272.9465,148.54494,150.10939,60.0042,1.6557692
benin,2022-08-02,260.88562,109.538284,167.86893,52.681484,1.8603086
benin,2022-08-03,239.91464,126.686646,130.8043,48.860302,2.5099068
benin,2022-08-04,281.76495,181.7435,137.07863,49.593613,2.6408365
benin,2022-08-05,249.82066,133.23592,138.90765,53.749264,3.2106814
benin,2022-08-06,232.00888,89.74997,150.428,56.589367,3.6936321
benin,2022-08-07,234.44554,102.190056,146.79881,64.187965,3.7304406
benin,2022-08-08,146.39584,34.2283,119.88455,77.52265,2.1302752
benin,2022-08-09,261.90527,150.27768,140.07062,63.770542,1.9241878
benin,2022-08-10,269.46698,179.78702,122.01093,56.663994,2.7962828
benin,2022-08-11,275.4864,204.25505,113.045525,57.021263,3.3043666
benin,2022-08-12,275.59036,232.72565,95.77653,60.20028,3.0040057
benin,2022-08-13,292.31693,242.79538,96.31515,54.26388,2.755821
benin,2022-08-14,279.53214,170.74628,136.95575,62.381416,2.6659408
benin,2022-08-15,268.88806,181.2375,135.46913,61.72528,2.0619414
benin,2022-08-16,274.09506,162.88976,139.0366,57.02548,2.896981
benin,2022-08-17,281.68295,236.1532,99.21936,54.62968,2.2201402
benin,2022-08-18,273.60757,233.34491,86.6127,52.809616,2.806316
benin,2022-08-19,195.516,55.697,147.23283,54.42765,2.4414728
benin,2022-08-20,258.243,132.35286,149.73451,53.220684,3.0202568
benin,2022-08-21,217.67682,83.1585,140.93942,66.037605,2.6395543
benin,2022-08-22,135.06984,7.2642536,131.23895,61.663357,2.4267166
benin,2022-08-23,159.82507,45.420506,122.02016,61.6875,2.596559
benin,2022-08-24,217.15056,102.60817,127.98834,56.279587,2.4046028
benin,2022-08-25,265.79254,211.67491,95.69659,52.072033,3.3101118
benin,2022-08-26,278.9528,163.93243,152.5592,57.56909,2.8132362
benin,2022-08-27,131.20111,54.76,97.51296,85.5683,1.1885926
benin,2022-08-28,250.56912,140.33833,143.9063,74.52957,1.6002892
benin,2022-08-29,286.86148,212.0371,121.781746,63.10673,3.2310665
benin,2022-08-30,274.29587,135.27365,161.7497,64.63679,2.772898
benin,2022-08-31,226.42,119.853004,134.97849,79.217766,2.677473
benin,2022-09-01,159.94774,40.364372,121.75957,85.35527,1.3884588
benin,2022-09-02,148.40529,51.096798,109.16099,90.20387,1.0163068
benin,2022-09-03,255.48236,143.37614,141.41771,80.53579,1.0679286
benin,2022-09-04,279.1585,229.72314,102.62434,69.407974,1.9724476
benin,2022-09-05,279.88922,234.63412,97.713646,65.07157,2.3327937
benin,2022-09-06,291.0032,249.12326,97.51287,67.6293,2.9233997
benin,2022-09-07,291.68954,238.38513,104.89705,70.72221,1.9622285
benin,2022-09-08,280.54456,242.6814,92.5491,70.05248,1.6983418
benin,2022-09-09,215.03485,117.166725,137.68913,71.948524,3.1226416
benin,2022-09-10,282.825,231.65994,105.604065,66.95545,2.8320742
benin,2022-09-11,183.13052,67.28723,120.71134,83.54807,1.839301
benin,2022-09-12,214.9068,115.939674,131.87393,74.33096,1.5277523
benin,2022-09-13,288.60092,248.63731,95.20595,64.60917,2.5252867
benin,2022-09-14,32.880215,0.8238434,32.443558,91.67673,1.6798576
benin,2022-09-15,263.65057,156.84464,141.4213,80.41681,2.125247
benin,2022-09-16,184.72485,93.583664,121.85505,82.640625,1.9955966
benin,2022-09-17,285.19556,221.27835,114.29547,78.55085,1.841867
benin,2022-09-18,295.16873,220.82982,120.30567,76.38644,2.8386207
benin,2022-09-19,165.2425,23.076298,144.16052,78.537445,2.5107293
benin,2022-09-20,290.1913,202.46614,120.672264,75.978836,2.9437315
benin,2022-09-21,291.10147,293.44714,81.55114,77.35306,1.6138692
benin,2022-09-22,252.68294,161.82648,125.25332,74.94624,1.6822757
benin,2022-09-23,269.97775,190.53105,115.38959,70.78051,2.9104183
benin,2022-09-24,278.4014,231.64113,101.27465,72.048256,3.414176
benin,2022-09-25,135.54196,13.932087,122.494774,80.23554,2.4942172
benin,2022-09-26,295.914,223.44608,105.989975,79.728424,2.83994
benin,2022-09-27,303.9156,266.75012,98.27725,76.12073,2.1915734
benin,2022-09-28,206.93033,72.99016,139.34964,82.878746,1.8540655
benin,2022-09-29,286.43756,220.8032,118.23851,81.66944,3.0664682
benin,2022-09-30,279.75522,190.39378,132.09474,79.188675,3.1923018
benin,2022-10-01,153.23125,24.67331,133.86313,85.66847,1.9548043
benin,2022-10-02,172.73444,61.62889,117.06936,89.24018,2.917251
benin,2022-10-03,151.34494,50.937553,119.077644,88.45936,2.4670184
benin,2022-10-04,197.40942,88.380005,132.32292,80.86343,2.3935037
benin,2022-10-05,204.05923,101.89913,130.99876,78.59587,1.6299058
benin,2022-10-06,288.95264,225.22537,117.42207,82.12163,2.29956
benin,2022-10-07,176.55377,98.96115,101.32557,85.15042,2.2289772
benin,2022-10-08,221.7164,81.63137,156.59479,87.46192,1.6038003
benin,2022-10-09,268.9294,196.65819,106.948235,82.20902,1.6683357
benin,2022-10-10,260.9288,148.40761,139.36658,81.37411,2.1444526
benin,2022-10-11,178.76836,29.763065,158.30798,81.825424,2.2548728
benin,2022-10-12,216.27292,104.23506,147.88345,81.86115,2.5988078
benin,2022-10-13,60.63208,0.13676924,60.30069,90.97239,1.708154
benin,2022-10-14,178.91475,58.582947,137.41634,89.79295,2.0728776
benin,2022-10-15,254.94731,170.59659,125.91123,85.32554,1.7563155
benin,2022-10-16,96.96283,3.1119215,93.9331,88.10309,2.4049087
benin,2022-10-17,171.34792,81.804794,115.99249,87.68205,2.130876
benin,2022-10-18,223.61565,95.7277,154.1134,86.38759,2.029944
benin,2022-10-19,226.16785,109.606094,140.94853,83.458755,2.3937676
benin,2022-10-20,96.796745,8.425336,92.41889,91.00849,1.8813164
benin,2022-10-21,196.99045,73.67793,144.56006,86.39274,1.4640363
benin,2022-10-22,219.7584,111.932396,144.66486,83.45098,1.9349228
benin,2022-10-23,291.38782,266.0978,92.235,79.27528,2.4994366
benin,2022-10-24,154.65193,29.372677,127.80063,88.95213,2.427603
benin,2022-10-25,0.0,0.0,0.0,98.3,1.2
benin,2022-10-26,,,,,
benin,2022-10-27,,,,,
benin,2022-10-28,261.55017,111.3297,171.5801,84.30912,1.7129033
benin,2022-10-29,216.3821,109.19045,119.78474,79.64209,1.809129
benin,2022-10-30,122.1,0.3,121.3,66.4,2.4
sierra_leone,2021-10-30,227.80246,127.97413,131.2785,89.72699,1.1158365
sierra_leone,2021-10-31,135.36217,93.84161,84.40556,88.733154,0.9452522
sierra_leone,2021-11-01,141.7253,100.7856,80.30975,89.00688,0.714767
sierra_leone,2021-11-02,194.82861,88.82885,134.55963,89.596756,1.0877804
sierra_leone,2021-11-03,230.55579,167.47147,107.01528,87.55055,0.85768026
sierra_leone,2021-11-04,214.45409,157.54958,106.363945,86.233696,1.2705293
sierra_leone,2021-11-05,182.74913,128.25305,88.97318,86.471146,1.5444767
sierra_leone,2021-11-06,153.27295,134.00995,68.313255,89.464485,1.2456857
sierra_leone,2021-11-07,129.61343,63.32264,93.04536,89.815346,1.2490407
sierra_leone,2021-11-08,159.36305,131.26562,79.05859,88.657814,0.92289066
sierra_leone,2021-11-09,155.59918,49.56178,121.27529,91.43699,1.07257
sierra_leone,2021-11-10,152.07687,84.78354,106.44403,91.07764,0.99509954
sierra_leone,2021-11-11,105.085686,92.74214,48.37203,88.69992,0.58546257
sierra_leone,2021-11-12,186.25572,122.15105,111.397896,85.85113,0.81716865
sierra_leone,2021-11-13,102.741005,140.63211,34.873695,90.01555,0.75478995
sierra_leone,2021-11-14,170.60762,155.11517,75.59129,88.69093,0.7390648
sierra_leone,2021-11-15,220.51884,196.21779,98.745575,86.373795,0.9040316
sierra_leone,2021-11-16,166.66568,150.59918,75.335594,87.50022,0.92486966
sierra_leone,2021-11-17,162.90959,161.03252,66.64602,85.11114,0.7936578
sierra_leone,2021-11-18,78.37216,68.84898,49.245335,91.48164,0.54634523
sierra_leone,2021-11-19,170.66313,179.20868,62.926575,85.72266,0.8952381
sierra_leone,2021-11-20,269.24854,250.93123,98.50742,84.33882,0.93308014
sierra_leone,2021-11-21,134.25777,145.42776,53.89234,87.73325,0.8716164
sierra_leone,2021-11-22,204.47023,127.30588,113.85599,87.99362,0.87717927
sierra_leone,2021-11-23,143.9559,109.891396,69.52303,89.8468,0.6418852
sierra_leone,2021-11-24,150.88304,131.33301,71.84518,86.89796,0.6541168
sierra_leone,2021-11-25,181.23938,112.63741,110.498665,87.83106,0.9167059
sierra_leone,2021-11-26,168.88995,119.21125,83.4673,88.03901,0.82205325
sierra_leone,2021-11-27,129.79727,23.12187,117.083305,85.67705,0.9042446
sierra_leone,2021-11-28,187.24654,146.89142,87.58463,84.483696,1.1916306
sierra_leone,2021-11-29,183.5947,144.7651,90.11601,84.22405,0.8758042
sierra_leone,2021-11-30,174.03621,89.82356,107.72102,89.77666,1.092
sierra_leone,2021-12-01,205.42697,178.35095,78.687355,86.05315,1.1179094
sierra_leone,2021-12-02,172.30258,120.62898,87.90314,84.73778,0.87367314
sierra_leone,2021-12-03,187.21912,123.02952,107.72986,84.475334,1.0650737
sierra_leone,2021-12-04,201.8825,129.7281,110.058044,84.085175,1.2482783
sierra_leone,2021-12-05,192.3499,132.42531,103.57118,83.056496,0.8392832
sierra_leone,2021-12-06,226.50998,211.40839,79.38459,77.76277,0.8470795
sierra_leone,2021-12-07,209.30591,175.38615,88.51996,81.991776,0.8211525
sierra_leone,2021-12-08,208.45158,152.04099,105.04085,83.07664,0.8425965
sierra_leone,2021-12-09,199.77592,129.97295,106.22521,79.13853,1.0253521
sierra_leone,2021-12-10,180.51263,103.43251,108.26981,81.83012,0.8607193
sierra_leone,2021-12-11,163.06972,73.91528,120.90592,76.66944,0.76901406
sierra_leone,2021-12-12,190.93625,121.33269,102.20875,75.51059,0.61727077
sierra_leone,2021-12-13,163.09462,77.09636,107.78307,79.98476,0.68237764
sierra_leone,2021-12-14,174.93759,97.268555,101.733406,84.76395,0.79308176
sierra_leone,2021-12-15,182.91339,107.95778,113.72952,81.819984,0.906662
sierra_leone,2021-12-16,174.8492,131.07312,90.88811,83.81084,1.0053483
sierra_leone,2021-12-17,195.58774,185.34033,76.5622,82.42998,0.8523977
sierra_leone,2021-12-18,200.12347,175.09537,86.07001,73.55697,0.9939734
sierra_leone,2021-12-19,209.54314,202.82872,75.7843,57.45495,1.5415134
sierra_leone,2021-12-20,114.13162,84.74103,62.959686,50.59437,2.006339
sierra_leone,2021-12-21,200.1184,173.00542,74.43131,57.511692,1.0556998
sierra_leone,2021-12-22,219.54114,208.70155,70.93385,66.57972,0.9859363
sierra_leone,2021-12-23,191.8242,162.39581,79.542656,68.41455,0.6780696
sierra_leone,2021-12-24,199.35553,190.43172,74.55308,70.648254,1.0291317
sierra_leone,2021-12-25,176.04604,114.65059,95.02801,72.301895,0.7820351
sierra_leone,2021-12-26,182.80368,97.04491,115.14356,62.801556,1.0224186
sierra_leone,2021-12-27,201.80164,226.10349,56.943764,63.795082,1.0067712
sierra_leone,2021-12-28,204.73586,241.6353,50.317257,65.47964,0.94377655
sierra_leone,2021-12-29,185.35176,167.1182,73.54105,63.070667,0.96110713
sierra_leone,2021-12-30,206.13864,226.06615,54.934788,69.90043,1.2687187
sierra_leone,2021-12-31,149.39803,146.1181,56.219997,68.21168,0.86934304
sierra_leone,2022-01-01,132.93597,24.23675,114.448555,64.52417,0.7980919
sierra_leone,2022-01-02,184.76195,185.85759,50.97212,76.85155,0.6996823
sierra_leone,2022-01-03,205.78537,202.00906,70.53108,70.79742,1.0147039
sierra_leone,2022-01-04,196.28688,164.84651,82.43749,60.369347,0.9850599
sierra_leone,2022-01-05,189.7302,150.52148,87.92955,71.472595,0.87102073
sierra_leone,2022-01-06,177.36974,142.5478,80.97878,74.10828,0.8841584
sierra_leone,2022-01-07,198.72365,174.24464,79.49682,71.92549,1.1146187
sierra_leone,2022-01-08,128.58188,114.87962,56.94579,54.522858,1.3406936
sierra_leone,2022-01-09,198.15881,163.10272,99.88899,48.93817,1.5293067
sierra_leone,2022-01-10,199.6269,188.3716,63.09402,69.550835,0.8486711
sierra_leone,2022-01-11,184.71364,165.17426,75.001205,71.06669,0.9003536
sierra_leone,2022-01-12,200.68018,159.46518,90.639206,75.77261,1.1399859
sierra_leone,2022-01-13,128.72606,36.459232,102.74808,77.84986,1.0005683
sierra_leone,2022-01-14,146.352,37.638916,120.47551,77.65264,1.0488389
sierra_leone,2022-01-15,207.43454,187.00351,72.39748,66.36896,0.9959355
sierra_leone,2022-01-16,103.48008,128.44975,35.40528,64.17095,0.89250535
sierra_leone,2022-01-17,135.40268,142.17259,48.250977,60.963413,0.7849602
sierra_leone,2022-01-18,156.06366,158.33006,54.640915,64.68725,0.75581396
sierra_leone,2022-01-19,128.40039,118.58463,48.869255,63.26502,0.8247059
sierra_leone,2022-01-20,129.61842,127.5293,45.41193,60.21469,0.5519481
sierra_leone,2022-01-21,240.36101,216.36975,89.95815,53.764286,1.1060504
sierra_leone,2022-01-22,126.335335,100.53202,61.7884,62.92908,0.8821588
sierra_leone,2022-01-23,28.023346,26.750961,16.320356,61.60427,0.5100356
sierra_leone,2022-01-24,220.19342,191.96129,83.68015,49.562355,1.0956342
sierra_leone,2022-01-25,281.81873,251.25603,102.51406,65.15574,1.0580198
sierra_leone,2022-01-26,187.8355,159.67548,68.776566,74.24474,0.781348
sierra_leone,2022-01-27,189.3012,150.09944,81.8292,69.11041,1.1253343
sierra_leone,2022-01-28,120.02748,72.54616,72.11889,69.44052,1.1711769
sierra_leone,2022-01-29,212.59088,154.49895,97.629326,67.339226,1.0110247
sierra_leone,2022-01-30,161.46854,57.547237,120.84759,71.60158,0.70280457
sierra_leone,2022-01-31,57.170094,62.382973,22.860521,60.795284,0.661506
sierra_leone,2022-02-01,228.46692,189.53145,92.65239,62.195454,1.0251764
sierra_leone,2022-02-02,231.87247,161.08408,107.60342,69.7668,0.77919924
sierra_leone,2022-02-03,208.52908,167.47021,86.34706,65.4363,0.86447275
sierra_leone,2022-02-04,219.40785,184.14238,86.28375,68.72353,1.0540615
sierra_leone,2022-02-05,215.12988,154.32007,103.965546,65.74526,1.0947368
sierra_leone,2022-02-06,208.07869,147.9268,97.947174,68.36026,1.0544674
sierra_leone,2022-02-07,213.48814,119.77271,123.49394,66.32137,0.9698872
sierra_leone,2022-02-08,98.51102,52.943142,64.96617,64.82239,0.81904763
sierra_leone,2022-02-09,96.64716,69.10695,50.04369,63.836452,0.5165248
sierra_leone,2022-02-10,106.468346,80.13184,55.17151,63.154373,0.48370576
sierra_leone,2022-02-11,250.53159,190.11894,107.95395,57.303947,0.95517546
sierra_leone,2022-02-12,150.51192,114.34666,67.32749,65.72254,0.6837764
sierra_leone,2022-02-13,58.364155,53.698406,28.905865,62.927803,0.7113686
sierra_leone,2022-02-14,183.99019,152.53717,78.8829,56.12142,1.0582558
sierra_leone,2022-02-15,282.38562,201.50111,131.53993,67.824005,1.1588508
sierra_leone,2022-02-16,194.87048,121.663734,96.004395,71.64498,1.3364207
sierra_leone,2022-02-17,208.1772,111.39895,124.782906,64.77069,1.7600989
sierra_leone,2022-02-18,217.02443,111.44362,128.8442,62.749786,1.038467
sierra_leone,2022-02-19,199.09962,88.17211,129.45674,68.49202,1.3013177
sierra_leone,2022-02-20,219.58873,116.20834,127.487305,63.061844,1.3677603
sierra_leone,2022-02-21,229.58926,130.05382,127.61617,63.14435,1.4198446
sierra_leone,2022-02-22,231.47603,134.82709,126.52277,64.33083,1.3485856
sierra_leone,2022-02-23,171.0173,58.71538,129.24124,63.119156,1.509473
sierra_leone,2022-02-24,226.11958,127.45279,126.45479,61.868813,1.2471387
sierra_leone,2022-02-25,232.6978,133.37903,126.30424,64.24322,1.4980226
sierra_leone,2022-02-26,237.16321,137.46883,129.52502,68.83816,1.9634094
sierra_leone,2022-02-27,204.72876,101.62897,129.05292,60.386753,1.1461427
sierra_leone,2022-02-28,234.86145,163.43546,108.72637,63.47637,1.3115274
sierra_leone,2022-03-01,252.7075,151.215,137.25551,74.507,1.162447
sierra_leone,2022-03-02,200.32117,64.432884,149.44907,65.238106,1.0137957
sierra_leone,2022-03-03,230.55232,106.94618,140.21045,63.55812,0.92860174
sierra_leone,2022-03-04,234.4639,129.51035,132.25198,63.700783,1.1622696
sierra_leone,2022-03-05,192.00473,121.317604,96.973915,58.03442,0.85109544
sierra_leone,2022-03-06,158.06523,97.97403,79.2479,61.582893,0.6598297
sierra_leone,2022-03-07,277.91556,176.68915,137.82368,63.726154,1.1456411
sierra_leone,2022-03-08,235.19492,144.67831,113.25225,66.571724,1.2240474
sierra_leone,2022-03-09,242.96361,170.36035,107.470276,60.731277,1.1239717
sierra_leone,2022-03-10,251.22633,172.24171,114.681946,55.788742,1.2868272
sierra_leone,2022-03-11,212.08055,95.21287,139.4539,55.688496,1.2923517
sierra_leone,2022-03-12,232.20985,111.69907,140.3457,57.742516,1.5161107
sierra_leone,2022-03-13,215.9131,83.26396,151.24231,60.610397,1.5175925
sierra_leone,2022-03-14,210.0789,78.8995,144.39507,63.414593,1.3105866
sierra_leone,2022-03-15,205.34221,101.47868,119.329636,61.19513,1.3027523
sierra_leone,2022-03-16,223.2138,123.12357,119.936676,57.99145,1.0143162
sierra_leone,2022-03-17,227.38316,121.85768,127.27672,51.58252,1.714225
sierra_leone,2022-03-18,207.46861,93.02145,129.2226,57.458687,1.1481057
sierra_leone,2022-03-19,200.39986,74.874825,134.10973,59.713234,1.2711016
sierra_leone,2022-03-20,191.70227,71.5771,130.54607,56.83565,1.2691
sierra_leone,2022-03-21,230.11383,112.25774,136.54468,56.248226,1.5088652
sierra_leone,2022-03-22,233.45781,129.82216,126.67575,65.68487,1.4241033
sierra_leone,2022-03-23,188.30762,110.19878,105.90641,68.10604,1.7834532
sierra_leone,2022-03-24,207.36996,117.733315,106.51495,69.89645,1.2182088
sierra_leone,2022-03-25,239.97911,139.88434,128.20906,71.92429,1.3897027
sierra_leone,2022-03-26,260.76422,169.47658,120.03265,77.43438,1.1331245
sierra_leone,2022-03-27,270.13538,208.14966,105.28227,77.17411,1.0630198
sierra_leone,2022-03-28,204.10791,120.6429,103.80637,73.96007,1.3834783
sierra_leone,2022-03-29,234.56783,109.834496,157.61795,72.87088,1.62622
sierra_leone,2022-03-30,213.5807,88.97407,141.8682,72.191925,1.8078232
sierra_leone,2022-03-31,230.10956,118.05652,133.35718,66.37848,2.0992754
sierra_leone,2022-04-01,188.1366,44.70097,149.13602,58.990105,1.7941221
sierra_leone,2022-04-02,238.67438,140.51971,115.27392,60.610233,0.7479151
sierra_leone,2022-04-03,248.93565,170.3921,111.09502,62.43253,1.2825623
sierra_leone,2022-04-04,241.45306,163.88135,109.13624,64.23844,1.5036879
sierra_leone,2022-04-05,202.74773,82.79404,132.03163,71.05802,2.1806614
sierra_leone,2022-04-06,253.94273,203.54897,93.2116,73.26594,1.2464757
sierra_leone,2022-04-07,219.7436,100.63381,132.9031,70.20849,2.1377559
sierra_leone,2022-04-08,195.52281,88.5371,121.96394,66.78929,1.775762
sierra_leone,2022-04-09,208.10213,99.045586,126.93478,64.77361,1.9795163
sierra_leone,2022-04-10,302.51202,222.53775,122.16675,72.88159,1.8909245
sierra_leone,2022-04-11,237.4718,169.18152,105.92142,66.14154,1.9955032
sierra_leone,2022-04-12,250.25005,159.9533,120.40771,67.22328,1.8986657
sierra_leone,2022-04-13,228.37741,140.20804,110.57188,60.409218,1.716953
sierra_leone,2022-04-14,255.65488,203.99225,92.33321,56.63458,1.5203013
sierra_leone,2022-04-15,245.77856,164.68013,114.050575,50.964996,1.810043
sierra_leone,2022-04-16,247.89606,173.12164,107.35262,59.112362,1.6703811
sierra_leone,2022-04-17,240.97186,174.82684,94.73235,58.08318,1.4817466
sierra_leone,2022-04-18,145.88458,49.313194,108.409515,69.39207,1.9082913
sierra_leone,2022-04-19,249.19041,146.27272,128.17107,72.12533,1.5650793
sierra_leone,2022-04-20,198.46333,65.66441,149.42746,65.95047,1.543422
sierra_leone,2022-04-21,199.4969,113.56635,98.02195,71.4226,1.3186513
sierra_leone,2022-04-22,222.13835,125.62286,110.235275,81.33017,1.1300219
sierra_leone,2022-04-23,247.88963,172.05417,109.10353,68.82415,1.5592175
sierra_leone,2022-04-24,231.92313,151.76317,105.90912,66.92663,1.9346733
sierra_leone,2022-04-25,182.17609,74.319145,124.28253,67.76566,1.6761556
sierra_leone,2022-04-26,239.17589,150.81235,123.32477,73.23384,1.464706
sierra_leone,2022-04-27,263.93533,199.91357,95.534615,77.99601,1.6818578
sierra_leone,2022-04-28,232.96265,166.59476,97.21618,84.036224,0.95239186
sierra_leone,2022-04-29,218.3742,151.4237,98.06815,71.96866,1.2365994
sierra_leone,2022-04-30,190.50114,85.33097,121.37792,78.95061,1.615914
sierra_leone,2022-05-01,163.98126,88.04163,110.9,80.648094,1.2953339
sierra_leone,2022-05-02,220.75726,133.66545,114.71523,77.5677,1.4248186
sierra_leone,2022-05-03,226.14253,143.71199,91.4292,83.655334,1.1414392
sierra_leone,2022-05-04,212.39888,119.17664,116.65634,82.23551,1.3164567
sierra_leone,2022-05-05,220.41891,124.22633,120.898346,81.68829,0.9209302
sierra_leone,2022-05-06,84.12811,12.263689,79.2194,84.30461,1.4476573
sierra_leone,2022-05-07,217.21918,99.03266,127.41364,85.780045,1.1304379
sierra_leone,2022-05-08,263.6357,150.86227,144.5629,79.598465,1.6677148
sierra_leone,2022-05-09,219.22566,101.85735,129.4844,79.62397,1.4185294
sierra_leone,2022-05-10,207.12541,117.72462,119.39357,77.8187,1.3654102
sierra_leone,2022-05-11,166.9655,42.246872,127.72825,83.065636,1.4555868
sierra_leone,2022-05-12,206.0913,98.91468,126.12992,80.79072,1.2194245
sierra_leone,2022-05-13,236.74658,132.5461,123.28943,76.92709,1.48461
sierra_leone,2022-05-14,209.92825,90.03699,136.93004,77.11051,1.533691
sierra_leone,2022-05-15,216.77104,81.710396,150.97426,86.73864,0.88537633
sierra_leone,2022-05-16,129.55144,26.662197,109.71392,87.440216,1.2100366
sierra_leone,2022-05-17,221.44621,96.378105,143.2935,87.52,0.9350365
sierra_leone,2022-05-18,197.88956,77.94481,128.22336,82.305786,1.5360621
sierra_leone,2022-05-19,73.02807,25.08372,58.960144,88.62042,1.7088422
sierra_leone,2022-05-20,134.84827,18.06099,118.73477,92.820206,0.4385159
sierra_leone,2022-05-21,277.6299,186.20526,132.26622,81.95186,1.0450596
sierra_leone,2022-05-22,178.23607,63.780018,135.37625,81.54673,0.98357046
sierra_leone,2022-05-23,137.47627,49.39333,111.03673,90.63799,0.89374995
sierra_leone,2022-05-24,174.5777,69.10788,128.50092,88.73658,0.8488636
sierra_leone,2022-05-25,165.76009,55.697773,127.73531,87.42168,0.7644652
sierra_leone,2022-05-26,251.41803,182.34789,109.815735,84.48723,0.9969562
sierra_leone,2022-05-27,204.47078,87.667816,135.36987,87.60912,1.0988685
sierra_leone,2022-05-28,197.30882,77.50795,132.34172,88.731,1.0824945
sierra_leone,2022-05-29,218.69957,105.97567,140.4689,85.71545,1.115938
sierra_leone,2022-05-30,121.315506,32.28386,103.027306,87.04456,0.8482807
sierra_leone,2022-05-31,213.52223,126.611725,108.726555,88.94259,0.62827337
sierra_leone,2022-06-01,222.22552,120.42083,123.02097,84.58852,1.293438
sierra_leone,2022-06-02,233.4428,180.73326,97.63595,88.69425,1.0104076
sierra_leone,2022-06-03,209.46616,106.685555,127.37539,84.43118,0.97238916
sierra_leone,2022-06-04,201.32622,113.18841,112.3555,83.96939,1.3312778
sierra_leone,2022-06-05,168.6324,36.67138,144.4622,87.12834,0.6390483
sierra_leone,2022-06-06,207.79416,177.41449,81.25408,88.00008,0.56987673
sierra_leone,2022-06-07,192.0589,66.8596,141.05757,84.908066,0.83706534
sierra_leone,2022-06-08,242.69934,151.08505,114.50965,85.80096,1.1034635
sierra_leone,2022-06-09,224.92523,97.4778,151.468,79.12811,1.8909796
sierra_leone,2022-06-10,185.46779,105.49349,109.19993,85.09857,0.681675
sierra_leone,2022-06-11,135.09018,94.54938,70.16615,88.59912,0.90849817
sierra_leone,2022-06-12,205.59494,92.33157,134.18304,90.92753,0.65286344
sierra_leone,2022-06-13,196.62044,64.21349,140.81146,87.76841,1.6042123
sierra_leone,2022-06-14,180.34236,39.70604,146.58002,89.456436,1.6074626
sierra_leone,2022-06-15,94.94809,8.741808,88.82168,91.78736,1.4669491
sierra_leone,2022-06-16,120.827324,36.199787,90.279915,92.23414,1.1280341
sierra_leone,2022-06-17,204.82668,130.90599,125.96239,88.02187,0.663585
sierra_leone,2022-06-18,146.39241,28.199677,121.726685,91.30493,0.51932096
sierra_leone,2022-06-19,170.8504,59.984932,121.29866,92.221085,0.5764662
sierra_leone,2022-06-20,201.23146,103.548485,114.06558,89.99435,0.6213044
sierra_leone,2022-06-21,206.80551,89.312775,126.464294,88.945724,0.60246736
sierra_leone,2022-06-22,141.79857,30.50086,115.033714,90.00179,0.65086085
sierra_leone,2022-06-23,206.1117,77.84635,146.47342,90.07543,0.880515
sierra_leone,2022-06-24,139.62305,43.519016,104.91701,93.93087,0.47882175
sierra_leone,2022-06-25,189.69292,105.02148,120.856766,88.84252,0.6709377
sierra_leone,2022-06-26,122.41337,23.212704,103.94446,94.374596,0.8880355
sierra_leone,2022-06-27,151.3256,72.56122,106.7908,91.53312,0.79256904
sierra_leone,2022-06-28,228.26428,138.93887,129.53607,86.24831,1.0076314
sierra_leone,2022-06-29,151.68802,26.995653,132.92265,92.03249,1.0231122
sierra_leone,2022-06-30,203.83524,88.3311,131.27321,88.085815,0.572
sierra_leone,2022-07-01,155.14331,71.21221,112.61279,92.014824,1.3914244
sierra_leone,2022-07-02,140.0535,21.179808,129.00739,90.63614,0.8988077
sierra_leone,2022-07-03,151.93933,41.395462,117.60654,92.57145,0.7279554
sierra_leone,2022-07-04,171.17043,85.081,119.720856,88.61778,0.76914287
sierra_leone,2022-07-05,167.0988,34.17097,139.4592,91.0846,0.90376157
sierra_leone,2022-07-06,153.00926,42.72852,121.28167,92.9765,0.34217975
sierra_leone,2022-07-07,139.93346,51.420837,107.10125,91.220985,1.0118122
sierra_leone,2022-07-08,133.67223,14.498974,121.92842,94.34315,0.40029305
sierra_leone,2022-07-09,176.63924,55.814476,134.59325,90.185745,0.87178546
sierra_leone,2022-07-10,191.99525,112.28505,118.423744,89.74011,1.0058824
sierra_leone,2022-07-11,157.02606,72.37306,115.95784,90.45519,1.4398243
sierra_leone,2022-07-12,170.79608,108.43481,104.27665,91.47484,1.1240029
sierra_leone,2022-07-13,206.2567,98.46187,130.89378,91.04568,1.2978566
sierra_leone,2022-07-14,106.07234,2.3791935,103.60815,92.18887,1.4591936
sierra_leone,2022-07-15,156.57552,30.132343,134.19823,91.3552,1.4399858
sierra_leone,2022-07-16,87.10474,14.608345,75.55891,96.58699,1.2772278
sierra_leone,2022-07-17,106.462975,14.108698,92.6971,95.59732,1.0935316
sierra_leone,2022-07-18,110.507996,0.56528926,108.71387,95.45803,0.79118454
sierra_leone,2022-07-19,147.55032,11.040175,137.48755,94.37284,1.0876998
sierra_leone,2022-07-20,133.94171,16.999155,122.0759,89.52192,1.2529246
sierra_leone,2022-07-21,138.96638,27.159184,115.73785,91.85189,0.93851304
sierra_leone,2022-07-22,146.05315,52.49139,118.74692,92.78751,1.32934
sierra_leone,2022-07-23,130.05518,8.174388,123.41756,91.8618,1.5693524
sierra_leone,2022-07-24,161.09157,34.2023,131.39958,91.401535,0.6611253
sierra_leone,2022-07-25,118.3126,4.7948885,115.81144,92.01598,0.8189345
sierra_leone,2022-07-26,155.22273,34.529438,125.24783,92.743866,0.6998557
sierra_leone,2022-07-27,177.39584,69.59849,118.904236,88.11836,1.6752511
sierra_leone,2022-07-28,183.93733,53.02377,139.65245,85.1314,0.8997799
sierra_leone,2022-07-29,130.54622,13.074046,125.38796,89.57689,0.7173523
sierra_leone,2022-07-30,150.03284,27.69717,127.2724,89.593346,0.9014862
sierra_leone,2022-07-31,92.516556,2.5562806,89.88751,95.924706,1.1567018
sierra_leone,2022-08-01,172.07127,67.03809,123.35153,92.14368,0.612223
sierra_leone,2022-08-02,105.27248,1.6329843,102.736946,96.83657,1.664398
sierra_leone,2022-08-03,169.86449,32.38084,144.04875,94.17454,0.7829439
sierra_leone,2022-08-04,118.371475,19.01755,103.70246,94.404106,1.1727409
sierra_leone,2022-08-05,139.8697,20.51164,123.12307,93.842155,1.1810557
sierra_leone,2022-08-06,169.17966,79.42903,127.33681,93.867905,1.0483044
sierra_leone,2022-08-07,167.52177,54.480827,125.367195,92.383644,1.3454705
sierra_leone,2022-08-08,171.30107,90.76299,105.27902,91.59573,1.0796585
sierra_leone,2022-08-09,126.95199,10.7003,118.13911,96.591606,0.92494386
sierra_leone,2022-08-10,78.86609,0.25945166,78.0277,96.28391,0.9532467
sierra_leone,2022-08-11,113.75651,3.9175296,109.676926,96.71849,0.6939349
sierra_leone,2022-08-12,115.09873,13.611998,102.29776,95.86632,0.4131148
sierra_leone,2022-08-13,188.36552,54.614212,140.82051,91.94431,0.9114439
sierra_leone,2022-08-14,114.39518,16.702835,108.08419,94.54607,1.2089299
sierra_leone,2022-08-15,74.58883,0.35577065,73.58585,96.46888,2.0572598
sierra_leone,2022-08-16,124.64274,22.33501,106.59164,95.37201,0.92813605
sierra_leone,2022-08-17,147.46361,50.936043,118.80101,93.050285,0.40071943
sierra_leone,2022-08-18,114.68584,3.3543792,111.0332,96.001434,1.5550159
sierra_leone,2022-08-19,115.80172,5.2057376,111.765495,95.39009,0.5290611
sierra_leone,2022-08-20,154.09816,69.079636,112.222626,91.58654,0.6049331
sierra_leone,2022-08-21,123.12079,33.20484,102.414444,93.23865,1.5196441
sierra_leone,2022-08-22,106.772865,4.450667,101.579056,95.826584,1.3986667
sierra_leone,2022-08-23,152.23073,51.560146,117.369125,94.17891,0.97927004
sierra_leone,2022-08-24,167.38174,55.536198,131.36104,88.604675,0.40644172
sierra_leone,2022-08-25,160.58455,39.98383,133.3034,90.70537,0.7757796
sierra_leone,2022-08-26,126.46054,4.510868,123.25529,98.41313,1.5488695
sierra_leone,2022-08-27,106.55779,8.795718,99.96964,95.438995,1.9368501
sierra_leone,2022-08-28,210.28108,72.11186,155.23206,91.55901,0.6515015
sierra_leone,2022-08-29,115.099915,4.9748225,111.03505,92.81626,0.49202845
sierra_leone,2022-08-30,145.50484,35.1363,117.61591,94.18669,0.9303434
sierra_leone,2022-08-31,199.42892,74.31813,146.30476,90.0094,0.9969897
sierra_leone,2022-09-01,146.1041,113.871475,80.395355,90.11584,0.5754925
sierra_leone,2022-09-02,117.02504,84.59742,65.58955,88.54021,0.75861555
sierra_leone,2022-09-03,139.44493,76.63674,81.936745,92.296814,0.84599024
sierra_leone,2022-09-04,265.60336,94.36418,185.31372,86.43864,0.96199995
sierra_leone,2022-09-05,139.92418,17.08588,126.15449,93.749,0.8465947
sierra_leone,2022-09-06,169.19052,33.72643,144.28935,90.99501,1.2265052
sierra_leone,2022-09-07,140.14182,35.317818,117.240364,93.184364,0.7234909
sierra_leone,2022-09-08,161.1337,41.196922,133.35849,89.96712,1.2184684
sierra_leone,2022-09-09,124.82672,16.76911,111.71379,93.26451,1.4596983
sierra_leone,2022-09-10,143.36212,51.85805,104.27022,92.58541,1.2730916
sierra_leone,2022-09-11,201.48216,40.73645,172.48276,90.39948,0.7612121
sierra_leone,2022-09-12,187.43704,53.455803,140.17853,90.71073,0.91192365
sierra_leone,2022-09-13,175.47356,81.45867,123.41178,91.455185,0.49711108
sierra_leone,2022-09-14,156.16461,58.633057,113.90524,88.16529,1.295877
sierra_leone,2022-09-15,168.54102,65.33048,122.17378,89.566345,0.8041973
sierra_leone,2022-09-16,144.49481,12.771397,137.60924,92.47856,1.3376049
sierra_leone,2022-09-17,162.02835,69.3898,110.64576,90.11861,0.86271566
sierra_leone,2022-09-18,156.08507,39.126503,125.52306,90.36574,0.7785505
sierra_leone,2022-09-19,96.41331,8.754962,88.61812,95.48993,1.1534586
sierra_leone,2022-09-20,137.18155,26.36137,116.616684,94.32661,0.75094754
sierra_leone,2022-09-21,173.46846,108.50559,111.75979,90.59204,0.58430105
sierra_leone,2022-09-22,157.48547,57.329033,125.32415,92.41597,0.5402626
sierra_leone,2022-09-23,157.71481,75.902176,104.58772,91.37226,1.2838054
sierra_leone,2022-09-24,135.12366,34.792255,112.378876,94.31429,0.6871127
sierra_leone,2022-09-25,178.22649,78.178795,119.29314,93.54596,0.7784151
sierra_leone,2022-09-26,133.88954,31.263966,104.211945,92.52864,0.65287846
sierra_leone,2022-09-27,154.19878,22.642017,138.10817,91.71688,1.3397249
sierra_leone,2022-09-28,142.64867,33.002914,124.19126,94.07698,0.32443947
sierra_leone,2022-09-29,93.181885,29.70164,77.57247,93.86926,0.64379454
sierra_leone,2022-09-30,198.7879,144.27632,92.462105,92.54428,0.5328572
sierra_leone,2022-10-01,184.27931,81.64718,131.8147,89.18941,0.7487108
sierra_leone,2022-10-02,195.90767,109.27487,115.06901,90.36691,1.05105
sierra_leone,2022-10-03,208.42085,59.33976,159.4913,90.60135,1.0684922
sierra_leone,2022-10-04,159.16393,41.623363,125.6889,93.63108,0.7675239
sierra_leone,2022-10-05,161.97142,82.10934,100.58988,91.73105,0.8176803
sierra_leone,2022-10-06,151.95195,25.458948,134.50418,91.34784,0.6582973
sierra_leone,2022-10-07,175.74925,101.387726,112.9021,89.7,1.0085471
sierra_leone,2022-10-08,139.87479,79.34087,97.822495,88.16593,0.7802198
sierra_leone,2022-10-09,178.76212,72.50642,116.64958,92.03087,0.93497396
sierra_leone,2022-10-10,155.39986,83.8367,100.334915,90.85818,1.2346954
sierra_leone,2022-10-11,161.3828,134.48323,72.8543,89.5696,0.7958455
sierra_leone,2022-10-12,129.5703,21.07171,112.017334,91.75674,0.86619383
sierra_leone,2022-10-13,98.56523,9.8470955,88.9854,95.28902,0.54858714
sierra_leone,2022-10-14,146.8438,44.833023,113.65636,93.20163,0.8975194
sierra_leone,2022-10-15,163.19965,109.44979,88.85404,92.08146,0.4599567
sierra_leone,2022-10-16,197.35355,121.73421,109.08376,91.23497,0.864275
sierra_leone,2022-10-17,192.25168,82.83883,128.73146,92.168236,0.7172493
sierra_leone,2022-10-18,220.97856,170.66592,92.09928,89.187996,0.9741912
sierra_leone,2022-10-19,198.46143,106.35576,123.30645,88.92292,0.99883974
sierra_leone,2022-10-20,172.85332,54.91508,139.21411,92.307915,0.704902
sierra_leone,2022-10-21,175.00336,113.402275,99.58478,89.27717,0.84611875
sierra_leone,2022-10-22,176.35152,70.01881,125.609795,92.4648,1.0139105
sierra_leone,2022-10-23,149.0774,173.98048,49.83698,85.35282,1.0859592
sierra_leone,2022-10-24,248.02237,172.01372,120.95985,87.467674,0.78804433
sierra_leone,2022-10-25,115.95802,11.441304,106.03043,94.74866,0.4853679
sierra_leone,2022-10-26,163.0791,49.57057,121.72025,92.30854,0.6776993
sierra_leone,2022-10-27,174.61198,56.351048,131.69559,90.26205,0.7014706
sierra_leone,2022-10-28,41.270676,1.8114662,39.438534,93.18233,0.27330825
togo,2021-08-09,229.86594,118.340546,148.03828,77.7162,1.6765637
togo,2021-08-10,254.80406,236.15976,95.784645,74.545586,2.1429174
togo,2021-08-11,253.23624,219.8727,99.30915,71.40286,2.1940672
togo,2021-08-12,246.25279,219.19708,103.31805,73.73331,2.3865192
togo,2021-08-13,262.27234,271.25485,78.76783,68.87953,2.3027818
togo,2021-08-14,252.30211,234.30971,90.59641,71.75922,2.21519
togo,2021-08-15,222.10657,157.23529,109.74629,67.43049,2.1107974
togo,2021-08-16,232.3388,157.05925,128.0624,71.9197,2.5127342
togo,2021-08-17,257.8694,242.91563,89.68394,68.29168,2.235094
togo,2021-08-18,259.72543,230.36545,98.70412,61.530884,2.0475736
togo,2021-08-19,249.05145,227.8159,90.016815,55.288197,2.052721
togo,2021-08-20,226.2821,201.5037,79.751884,61.456753,2.3654597
togo,2021-08-21,219.9305,131.48256,139.95995,60.523727,2.1667829
togo,2021-08-22,250.64665,270.00748,66.22886,61.394775,1.9857446
togo,2021-08-23,246.75096,265.72076,65.74963,57.57613,1.8878456
togo,2021-08-24,238.23206,219.56897,84.79877,61.58554,2.5047965
togo,2021-08-25,242.00273,245.6099,71.61801,59.02327,1.9140154
togo,2021-08-26,212.25453,185.53084,77.53135,64.41464,2.0629876
togo,2021-08-27,240.62495,225.68964,78.69492,68.53561,1.9242699
togo,2021-08-28,248.82706,297.55377,52.631397,55.203075,1.2454545
togo,2021-08-29,242.79228,243.4812,76.30546,54.20153,1.6072104
togo,2021-08-30,185.67348,91.01248,126.5335,57.618053,2.096756
togo,2021-08-31,243.54471,233.73625,78.82536,59.31454,1.8260745
togo,2021-09-01,247.81197,272.90598,54.494312,49.584934,1.9682423
togo,2021-09-02,246.3282,276.91797,57.86149,35.253258,1.2924839
togo,2021-09-03,240.88708,262.54797,64.06841,30.8577,1.502413
togo,2021-09-04,254.52188,300.168,56.322315,31.276703,1.8378947
togo,2021-09-05,233.60153,282.5505,50.4899,28.61369,1.7274524
togo,2021-09-06,244.83356,279.80014,58.458477,39.55791,1.6459383
togo,2021-09-07,230.03212,274.0541,54.35652,31.872875,1.75022
togo,2021-09-08,239.53427,286.71912,53.81656,30.824158,1.6418637
togo,2021-09-09,253.32109,298.975,52.488377,29.9135,1.382046
togo,2021-09-10,209.47343,251.52982,48.98627,31.578451,1.2228044
togo,2021-09-11,216.2222,270.08383,46.588013,34.04338,1.3569853
togo,2021-09-12,197.847,244.70805,43.881153,32.089985,1.1544164
togo,2021-09-13,205.47725,265.46387,50.598846,26.032398,1.2918646
togo,2021-09-14,203.14436,216.36244,56.5075,24.314142,1.4965997
togo,2021-09-15,234.58806,236.74231,78.729065,24.94777,0.9394245
togo,2021-09-16,240.63431,247.2275,69.10179,25.311844,1.8743719
togo,2021-09-17,253.2896,238.56082,92.15933,27.305166,1.5778598
togo,2021-09-18,231.14442,179.91087,105.92727,30.01841,1.2228034
togo,2021-09-19,224.2413,117.78289,136.6385,26.781628,1.5403928
togo,2021-09-20,246.32271,166.0811,126.73876,23.18205,1.0171429
togo,2021-09-21,235.42741,205.06595,92.157906,23.613888,1.4763533
togo,2021-09-22,208.30908,138.39107,116.09178,25.832012,1.25739
togo,2021-09-23,245.53915,242.53105,86.08927,24.85174,1.7747691
togo,2021-09-24,243.1226,219.8767,94.34853,23.783335,2.1361227
togo,2021-09-25,227.88086,167.47491,115.27824,21.298447,2.144735
togo,2021-09-26,211.3696,119.97824,128.50404,25.853931,1.1435152
togo,2021-09-27,213.11836,149.14423,112.98517,28.262026,1.6262307
togo,2021-09-28,231.40028,252.14677,64.82058,25.569662,1.734059
togo,2021-09-29,230.09708,230.87161,79.09109,25.297861,1.5655491
togo,2021-09-30,204.71327,122.26775,120.040115,22.521372,1.808461
togo,2021-10-01,232.42265,233.81943,80.96122,23.191906,2.2961295
togo,2021-10-02,229.81255,246.49951,65.62507,24.646318,2.3589942
togo,2021-10-03,200.70029,153.88783,95.13875,26.548252,2.6346853
togo,2021-10-04,220.89464,204.12961,84.786644,25.011168,2.6871378
togo,2021-10-05,196.90915,143.32417,99.427216,26.847767,3.082849
togo,2021-10-06,219.99783,248.04066,58.504845,24.816574,2.9730337
togo,2021-10-07,216.58978,119.126396,129.64244,23.011852,3.1394606
togo,2021-10-08,241.83217,289.5113,56.061398,22.36556,3.2823572
togo,2021-10-09,217.56578,235.82324,64.356964,21.898531,2.6929321
togo,2021-10-10,228.20227,231.07043,74.8541,23.426096,2.217751
togo,2021-10-11,241.37181,253.83813,75.170334,20.404087,3.082241
togo,2021-10-12,158.20992,175.98193,48.896458,20.851133,2.9919972
togo,2021-10-13,160.15472,184.5143,51.862885,21.906479,2.6949296
togo,2021-10-14,231.31068,244.1943,71.10035,21.041601,2.7500353
togo,2021-10-15,205.1277,284.91226,41.870182,20.05517,2.533286
togo,2021-10-16,234.7123,256.2354,63.181087,19.995272,2.4767113
togo,2021-10-17,240.9581,288.44638,56.66032,20.6553,2.7755232
togo,2021-10-18,212.96037,194.38019,72.11569,22.595518,3.254552
togo,2021-10-19,86.32384,1.234855,86.67442,30.884565,2.5044928
togo,2021-10-20,167.58524,44.864582,137.0,31.85432,2.158468
togo,2021-10-21,224.67061,169.39017,102.848694,25.909895,2.3067138
togo,2021-10-22,220.4799,168.56949,101.325874,24.357521,2.5367072
togo,2021-10-23,208.91472,146.55586,106.139114,24.13758,2.6825929
togo,2021-10-24,219.91574,187.07944,93.08252,20.612307,2.92993
togo,2021-10-25,234.38132,262.78818,61.652573,17.109867,3.092248
togo,2021-10-26,226.81299,207.89241,82.582535,19.987225,2.8660753
togo,2021-10-27,226.04533,213.56229,83.7113,17.742937,2.521822
togo,2021-10-28,234.12064,201.0551,96.24099,13.381992,2.5119574
togo,2021-10-29,194.65627,278.52075,44.337437,18.88683,2.6027918
togo,2021-10-30,251.01755,289.53445,64.08723,18.35642,2.9727018
togo,2021-10-31,251.17244,271.7312,67.49119,16.155462,3.4875262
togo,2021-11-01,211.09201,193.00958,74.81307,13.885857,2.971357
togo,2021-11-02,250.05956,272.63715,70.46118,18.301548,3.516245
togo,2021-11-03,223.62306,165.20319,111.39244,18.878359,3.5343707
togo,2021-11-04,236.24806,221.10309,85.67688,20.475756,3.1834857
togo,2021-11-05,241.67879,188.16414,107.78706,19.542646,3.361669
togo,2021-11-06,220.28108,157.10495,107.61746,16.325209,3.1004188
togo,2021-11-07,210.93193,253.91255,47.640663,14.393587,3.1727273
togo,2021-11-08,213.40709,252.11777,48.17997,15.336292,2.8490767
togo,2021-11-09,183.92302,195.8544,57.002834,15.494193,3.224575
togo,2021-11-10,211.61726,247.67151,51.809753,17.331367,2.954386
togo,2021-11-11,248.05289,241.06241,80.960144,17.960783,2.845765
togo,2021-11-12,170.00127,38.867138,140.24419,21.236969,3.0798864
togo,2021-11-13,211.73508,82.94946,145.63715,17.21625,3.7863278
togo,2021-11-14,189.78374,181.90366,64.7202,14.514286,3.590007
togo,2021-11-15,168.84966,194.58687,56.394974,17.082333,2.8892457
togo,2021-11-16,264.8493,261.76,85.995514,13.630435,3.0280113
togo,2021-11-17,263.92017,240.59169,104.86607,12.369553,2.7548616
togo,2021-11-18,252.74294,162.77408,129.67874,14.1112995,2.8300846
togo,2021-11-19,240.63799,144.09529,132.68694,16.535042,3.120225
togo,2021-11-20,209.26825,73.19538,157.86412,16.856083,2.707832
togo,2021-11-21,170.84525,34.643986,146.5091,16.837551,2.5274825
togo,2021-11-22,241.2607,97.97599,165.415,15.939577,2.580352
togo,2021-11-23,238.60968,117.468025,150.08514,14.512061,2.4435484
togo,2021-11-24,257.69296,251.23872,80.33859,13.4334955,2.872017
togo,2021-11-25,270.93854,285.8284,72.16257,13.327292,2.5198612
togo,2021-11-26,255.93384,176.20412,125.59029,14.184696,2.1174703
togo,2021-11-27,215.70195,78.45028,152.64833,18.447702,1.9438022
togo,2021-11-28,233.41093,124.76063,135.69505,15.659652,2.1905923
togo,2021-11-29,251.2193,198.4756,105.70077,13.877777,2.6744235
togo,2021-11-30,263.54163,223.34567,98.88184,13.503631,2.2525141
togo,2021-12-01,272.9044,247.86035,97.77572,12.930431,2.1992924
togo,2021-12-02,271.47308,255.92595,84.925316,13.871618,2.1064157
togo,2021-12-03,258.66547,201.44493,107.777596,15.48709,2.3466156
togo,2021-12-04,252.99615,147.36812,144.09552,14.642868,2.9900002
togo,2021-12-05,105.715775,17.397408,92.36994,14.694183,2.4488437
togo,2021-12-06,253.83229,102.63892,168.95813,14.02376,2.2457721
togo,2021-12-07,239.36995,122.24477,144.56256,14.294492,2.070502
togo,2021-12-08,265.29138,179.91801,124.62109,13.455641,1.7692361
togo,2021-12-09,265.4564,200.8349,114.57286,14.204745,2.385485
togo,2021-12-10,268.3095,156.7586,143.03902,13.780001,2.1853147
togo,2021-12-11,225.94774,130.22968,125.39484,25.706272,2.1480837
togo,2021-12-12,219.55356,119.77953,125.23474,32.892338,1.0805013
togo,2021-12-13,213.61896,122.87242,113.73907,37.966576,2.1759055
togo,2021-12-14,249.80043,132.60916,142.82642,30.310972,1.5899371
togo,2021-12-15,248.01938,193.57834,101.07038,23.365576,1.6005576
togo,2021-12-16,259.84552,133.72572,150.92621,16.008198,2.008198
togo,2021-12-17,191.26544,48.772358,152.19423,39.77137,1.3423836
togo,2021-12-18,192.38002,68.9555,143.88885,38.07272,1.4541968
togo,2021-12-19,276.19852,213.82436,111.25357,23.20143,2.0906427
togo,2021-12-20,283.4805,181.29005,137.9802,11.127266,2.5483189
togo,2021-12-21,279.2271,181.52954,134.11555,9.57796,2.4632668
togo,2021-12-22,280.61874,182.5112,134.45557,9.694682,2.0846746
togo,2021-12-23,268.84088,179.1764,125.37572,12.171109,1.5053734
togo,2021-12-24,238.27823,105.64648,147.41063,40.336693,2.4278874
togo,2021-12-25,201.73668,76.69399,140.68149,47.79951,2.154088
togo,2021-12-26,119.307495,5.353184,115.88237,46.05654,1.2382785
togo,2021-12-27,245.71082,84.24925,172.78947,25.948471,1.5501066
togo,2021-12-28,247.44225,99.70842,163.56238,43.3313,2.0542474
togo,2021-12-29,176.22554,40.83175,140.82379,39.211445,1.6521982
togo,2021-12-30,177.9815,40.205624,143.02742,34.288254,0.9857243
togo,2021-12-31,229.54755,59.131096,175.17471,48.836136,3.2014005
togo,2022-01-01,252.23013,112.76518,153.93822,48.4305,2.9689314
togo,2022-01-02,227.00443,74.4264,163.04655,49.46674,2.4410586
togo,2022-01-03,254.81062,125.9203,149.9065,37.504047,1.971026
togo,2022-01-04,267.7276,179.53049,119.883804,42.155914,2.112183
togo,2022-01-05,268.18347,149.27107,142.89937,44.24685,2.3217087
togo,2022-01-06,240.89479,98.410706,149.98586,45.92676,2.5356338
togo,2022-01-07,243.70964,71.54561,177.8057,22.823683,2.0274773
togo,2022-01-08,210.76157,59.97356,160.69656,19.075876,2.3080645
togo,2022-01-09,138.51474,27.744633,114.70526,10.852421,1.840772
togo,2022-01-10,202.6165,71.86249,134.89645,16.339249,1.6226165
togo,2022-01-11,204.11205,96.28501,117.47073,40.621986,1.9044819
togo,2022-01-12,248.65787,87.44283,169.22552,43.831207,3.446312
togo,2022-01-13,191.73979,53.568535,148.15523,59.148987,3.4740715
togo,2022-01-14,157.98877,24.81465,137.62689,54.559177,2.4037695
togo,2022-01-15,281.72232,184.90955,128.99474,48.765408,3.0642807
togo,2022-01-16,277.27145,218.26343,98.06187,47.107723,2.80163
togo,2022-01-17,248.4083,133.09242,141.60939,49.37196,3.0651858
togo,2022-01-18,274.84814,202.02692,98.64592,56.967247,3.606831
togo,2022-01-19,264.5317,86.66292,189.33081,61.167156,2.861206
togo,2022-01-20,271.08374,158.78853,131.57275,58.845592,3.8083155
togo,2022-01-21,229.84778,154.61456,95.10479,51.51154,3.1701617
togo,2022-01-22,268.4073,160.5117,124.32754,61.569973,3.1515691
togo,2022-01-23,258.0709,147.58318,133.63754,59.041443,3.7818773
togo,2022-01-24,359.12076,231.99884,142.08388,58.299637,4.282583
togo,2022-01-25,266.81357,163.0015,134.75833,55.98113,3.4786992
togo,2022-01-26,153.38676,44.479446,127.82698,59.173096,3.2666664
togo,2022-01-27,282.80374,205.6914,107.17457,51.725708,1.9671875
togo,2022-01-28,234.31409,88.00154,161.34676,44.4455,2.34836
togo,2022-01-29,253.35652,151.6573,117.10716,53.385605,2.476454
togo,2022-01-30,273.42618,182.35728,130.62111,50.05,2.8905149
togo,2022-01-31,72.74505,1.0413661,72.57268,73.10729,3.0497315
togo,2022-02-01,292.0673,218.3184,107.93904,70.106415,3.0680056
togo,2022-02-02,279.24973,236.13033,87.16968,56.803993,3.095518
togo,2022-02-03,266.214,167.26631,120.07685,54.32,2.9530466
togo,2022-02-04,242.28886,99.56614,151.53055,58.758015,2.657297
togo,2022-02-05,259.20386,203.74965,97.51209,53.807343,2.9173424
togo,2022-02-06,241.17728,176.4037,96.352264,50.573235,3.1828792
togo,2022-02-07,249.29655,113.55672,143.12636,73.01385,2.6718905
togo,2022-02-08,144.01738,29.060688,121.1499,69.19089,1.660897
togo,2022-02-09,227.77568,112.19092,141.05772,62.825645,2.6531796
togo,2022-02-10,241.56152,148.32155,116.6541,64.26774,2.8506649
togo,2022-02-11,280.9919,216.86185,101.52162,63.377113,3.9319012
togo,2022-02-12,231.51819,84.83366,164.11777,63.37467,3.0743876
togo,2022-02-13,263.43863,149.9949,132.6225,57.71719,3.095388
togo,2022-02-14,133.82799,16.412981,119.827286,59.007397,2.883531
togo,2022-02-15,208.8556,78.24299,142.98492,60.232117,3.507223
togo,2022-02-16,155.13474,13.189145,141.94258,58.41786,3.323039
togo,2022-02-17,273.7834,160.27332,131.9488,58.91982,3.2912464
togo,2022-02-18,182.63495,65.15431,118.62856,66.105545,3.5933332
togo,2022-02-19,150.76813,31.980766,133.51328,62.768066,2.5036197
togo,2022-02-20,285.61554,197.89801,111.99343,63.32834,3.1207066
togo,2022-02-21,236.5094,146.20723,109.969444,64.63383,2.8706067
togo,2022-02-22,355.53467,278.59793,121.70404,61.7,3.8749113
togo,2022-02-23,290.3245,203.38512,114.728516,59.89775,3.4327948
togo,2022-02-24,294.00595,153.50502,158.06207,56.666878,2.8815994
togo,2022-02-25,271.8331,126.375145,157.63824,57.341457,2.722549
togo,2022-02-26,258.17325,119.4715,149.12225,56.657513,3.2674155
togo,2022-02-27,254.73987,110.7026,149.29593,63.225334,2.7727718
togo,2022-02-28,280.7233,202.11505,110.576485,56.647934,2.6286213
togo,2022-03-01,161.64462,45.198513,130.93704,69.032364,3.0529745
togo,2022-03-02,172.26707,41.996544,132.5194,78.28082,1.4983779
togo,2022-03-03,77.98816,5.291082,73.847145,75.47514,2.802193
togo,2022-03-04,231.90517,84.99338,153.29301,73.58749,1.5843165
togo,2022-03-05,267.71725,163.2704,128.18,64.84325,2.0408666
togo,2022-03-06,290.82568,192.0852,126.99351,69.329124,2.3210156
togo,2022-03-07,165.87144,77.05761,105.29461,69.03066,2.9051712
togo,2022-03-08,111.37771,105.29036,44.46757,67.61221,2.6604285
togo,2022-03-09,242.40665,151.8804,113.61359,62.336872,3.2415426
togo,2022-03-10,238.28523,133.46417,119.30676,69.36263,2.3661506
togo,2022-03-11,305.58218,216.80457,129.23422,71.28719,1.8817835
togo,2022-03-12,271.64136,139.60728,152.56364,64.22515,2.3472393
togo,2022-03-13,270.88016,209.81915,100.4012,59.72645,2.483085
togo,2022-03-14,261.7805,154.30397,121.62053,56.05599,2.785381
togo,2022-03-15,267.75845,157.6876,127.188095,58.639084,2.7344365
togo,2022-03-16,281.67294,161.3545,132.26872,58.278313,2.9136474
togo,2022-03-17,240.0036,102.7951,146.82402,70.132675,2.6028595
togo,2022-03-18,158.31087,80.46766,93.96263,65.23251,2.1975307
togo,2022-03-19,259.83215,137.27191,146.68195,72.38424,2.7255015
togo,2022-03-20,262.05634,172.03226,118.53053,72.511826,2.3116128
togo,2022-03-21,286.26547,198.16423,115.668724,62.58483,3.3270683
togo,2022-03-22,201.14783,136.98048,88.98574,64.40742,2.798343
togo,2022-03-23,193.89099,73.16645,137.25385,75.612236,1.9431245
togo,2022-03-24,215.47516,108.38258,120.27271,71.01605,2.1655147
togo,2022-03-25,204.95769,143.82314,82.214226,66.64894,2.770848
togo,2022-03-26,209.5834,62.31428,150.80771,77.347046,2.5327585
togo,2022-03-27,184.46294,49.243263,141.01726,79.4876,2.7975054
togo,2022-03-28,181.68176,48.875965,136.5788,83.793304,2.2481399
togo,2022-03-29,273.52274,160.04205,134.97362,75.807686,2.1752827
togo,2022-03-30,194.26016,58.33441,148.60371,84.4136,2.32834
togo,2022-03-31,221.95605,151.42964,105.93867,77.23733,1.804859
togo,2022-04-01,278.45547,223.14374,89.77229,76.68177,2.2640314
togo,2022-04-02,245.98868,105.613,155.25978,79.98238,2.7533574
togo,2022-04-03,185.04149,49.261543,142.7948,84.6005,2.1227274
togo,2022-04-04,287.7057,267.98294,76.782715,73.30519,1.8020625
togo,2022-04-05,266.36984,151.56345,130.5872,69.63677,2.793096
togo,2022-04-06,263.97437,167.68347,120.28504,70.371796,3.25406
togo,2022-04-07,271.95847,157.09799,138.48204,69.94167,2.38075
togo,2022-04-08,273.48602,202.28384,109.71663,65.601364,1.3898253
togo,2022-04-09,277.42007,184.06154,122.55958,70.20133,2.4744897
togo,2022-04-10,189.62387,82.11852,117.75972,77.98976,3.2378764
togo,2022-04-11,132.56172,5.195331,128.48251,79.80203,2.636842
togo,2022-04-12,179.79776,68.95588,111.04721,87.41354,2.085294
togo,2022-04-13,111.21592,49.95766,77.543205,81.56635,1.5592083
togo,2022-04-14,227.48264,176.17503,116.61384,83.26098,2.5638344
togo,2022-04-15,202.7636,72.39395,129.64357,75.2867,2.5373402
togo,2022-04-16,251.57233,179.55615,106.06266,73.01882,2.9932103
togo,2022-04-17,239.37848,91.12378,154.01994,77.96065,2.6887133
togo,2022-04-18,279.98788,210.7557,98.994,75.01374,2.4356725
togo,2022-04-19,238.26262,144.90143,121.97016,70.004875,2.0028694
togo,2022-04-20,184.17416,72.83981,125.064705,74.02089,2.6723435
togo,2022-04-21,183.02907,79.27423,129.66623,75.66997,2.8325992
togo,2022-04-22,113.473404,7.4890265,106.97391,79.98648,2.4704216
togo,2022-04-23,292.23547,223.98842,113.63552,72.469055,2.98774
togo,2022-04-24,284.0046,227.92453,105.84083,69.260994,2.4845872
togo,2022-04-25,215.35452,70.84927,144.95125,74.13175,2.4965694
togo,2022-04-26,175.1272,48.296665,142.64499,75.72928,3.2669384
togo,2022-04-27,212.26772,136.96574,105.34417,75.20372,3.3280613
togo,2022-04-28,86.53101,1.3263079,84.84051,90.44253,2.2743647
togo,2022-04-29,116.55604,35.99836,85.75978,89.51843,1.21
togo,2022-04-30,185.80931,41.97984,148.88625,86.733185,3.3024018
togo,2022-05-01,165.49304,36.224056,133.43398,83.95907,2.6182086
togo,2022-05-02,229.17781,128.27664,123.77277,82.36409,1.9774481
togo,2022-05-03,235.53218,130.8264,127.436165,75.8153,2.1591897
togo,2022-05-04,194.62476,53.592754,139.30762,75.3224,1.8647145
togo,2022-05-05,157.10919,12.945407,141.09254,89.43803,1.989759
togo,2022-05-06,264.5972,166.41928,112.63984,84.51809,2.0051792
togo,2022-05-07,258.93137,191.53769,100.496,79.28961,1.7176471
togo,2022-05-08,154.69092,56.52046,113.26117,75.22327,2.3247118
togo,2022-05-09,156.65639,21.973309,137.4007,87.05385,3.349846
togo,2022-05-10,173.12836,43.65934,132.71584,85.83211,2.8678918
togo,2022-05-11,176.59404,41.14623,141.51591,84.014404,3.1221719
togo,2022-05-12,218.23732,108.535805,120.66015,81.49884,2.4014492
togo,2022-05-13,103.927155,47.012352,68.87292,86.158554,1.4454613
togo,2022-05-14,174.62257,84.71726,112.604515,87.23671,2.383831
togo,2022-05-15,126.135666,29.208282,95.307434,86.54686,2.5281441
togo,2022-05-16,195.25395,107.37648,120.43814,87.08164,2.374647
togo,2022-05-17,192.169,66.15925,138.26018,85.099365,2.4295197
togo,2022-05-18,175.8288,50.466522,130.99394,90.06407,2.100072
togo,2022-05-19,200.69183,132.80615,103.03203,82.91294,1.8261027
togo,2022-05-20,204.27066,119.579666,112.18211,78.04391,1.8263879
togo,2022-05-21,236.3568,142.77693,116.73574,74.72142,2.1874642
togo,2022-05-22,192.76425,53.767036,143.8055,81.63407,3.0189426
togo,2022-05-23,112.13382,1.9417484,109.911026,85.06716,1.7523692
togo,2022-05-24,218.93098,127.60477,122.059616,80.77479,2.2754273
togo,2022-05-25,218.40149,99.425964,133.12689,83.473816,2.2270997
togo,2022-05-26,120.07977,1.7454739,117.68685,89.2669,1.7787836
togo,2022-05-27,192.80194,88.34866,125.049965,84.78736,1.8573284
togo,2022-05-28,132.43677,28.317202,106.06352,89.65624,2.007566
togo,2022-05-29,89.73944,1.56365,88.30377,90.593735,2.6110106
togo,2022-05-30,147.05956,33.846222,121.52673,88.60852,2.684
togo,2022-05-31,218.43929,109.24476,127.80598,80.74744,1.968939
togo,2022-06-01,280.67493,233.54091,80.20542,74.76346,1.8797288
togo,2022-06-02,240.79349,93.37213,161.16885,88.281204,3.0305674
togo,2022-06-03,182.00854,103.711266,122.50466,88.14326,1.919297
togo,2022-06-04,260.5155,201.52419,101.50728,82.084656,1.8364215
togo,2022-06-05,224.75023,153.52448,81.21351,85.200745,2.5976865
togo,2022-06-06,105.828606,0.5681818,105.08972,89.04979,2.593986
togo,2022-06-07,191.11269,93.98574,120.09441,88.26325,2.1603153
togo,2022-06-08,173.61621,42.49562,132.02628,84.97825,1.8035766
togo,2022-06-09,145.96194,9.549406,135.79222,88.83101,2.05816
togo,2022-06-10,100.54836,4.434943,95.61292,94.0348,1.978054
togo,2022-06-11,126.25018,18.944633,111.48467,91.70881,1.942931
togo,2022-06-12,224.51575,104.82117,143.718,86.158714,1.8081863
togo,2022-06-13,183.82294,87.46597,117.21487,87.01444,2.2282345
togo,2022-06-14,119.07437,18.894476,106.24617,91.6472,1.464433
togo,2022-06-15,153.68106,52.706463,111.88662,88.090034,1.6580988
togo,2022-06-16,84.95619,0.25364432,83.8734,95.13316,1.1637026
togo,2022-06-17,163.21667,63.04181,116.39304,90.16634,0.7568437
togo,2022-06-18,287.3485,241.47435,86.76349,78.435036,1.8105816
togo,2022-06-19,200.28235,110.36588,114.30325,85.36194,1.5108051
togo,2022-06-20,184.58986,58.52048,131.51436,85.5069,1.9771992
togo,2022-06-21,198.37941,113.67709,103.45702,86.160576,2.0686545
togo,2022-06-22,159.37918,29.031815,135.99664,86.82158,1.6116328
togo,2022-06-23,118.43062,3.2624998,113.93624,92.79635,1.502177
togo,2022-06-24,176.3894,31.823694,146.16948,86.61756,2.0654354
togo,2022-06-25,220.35915,97.56311,143.93619,84.01251,1.7268552
togo,2022-06-26,154.69017,48.024284,114.76128,92.64221,1.4236763
togo,2022-06-27,246.53502,164.75937,126.23748,86.46681,1.3877895
togo,2022-06-28,182.8361,114.32969,84.204796,83.2646,1.8165725
togo,2022-06-29,95.51229,3.3468518,91.431114,94.02714,1.7297602
togo,2022-06-30,149.27493,40.78975,109.79312,91.35751,1.7458568
togo,2022-07-01,189.70705,117.52922,98.56853,85.9798,2.2145348
togo,2022-07-02,104.71511,10.794748,94.82712,94.52108,1.0890703
togo,2022-07-03,106.298676,13.023796,98.49274,92.56274,1.0244243
togo,2022-07-04,186.56987,51.933426,143.36664,89.02518,1.5653846
togo,2022-07-05,125.396126,22.876234,104.6598,90.72461,0.98208743
togo,2022-07-06,210.25926,114.65549,125.674,88.42362,0.9550663
togo,2022-07-07,221.5428,176.40063,96.83668,84.72797,1.2872101
togo,2022-07-08,284.63705,246.75955,94.14229,83.95052,2.0642705
togo,2022-07-09,118.128456,54.435375,89.39729,85.054634,1.721826
togo,2022-07-10,201.09796,150.15755,85.730286,87.55123,1.3033333
togo,2022-07-11,187.58905,118.81924,93.35794,85.82191,1.4205056
togo,2022-07-12,209.69426,107.21827,122.09538,85.03079,1.7545136
togo,2022-07-13,100.010826,21.013144,87.93776,89.6817,1.539143
togo,2022-07-14,157.18553,45.45332,118.64047,88.700005,1.1071328
togo,2022-07-15,223.68561,139.80664,127.09823,84.89703,1.5730932
togo,2022-07-16,269.36584,189.58405,122.03489,83.52858,1.7738677
togo,2022-07-17,253.9496,184.97765,110.154945,78.72646,2.4713771
togo,2022-07-18,273.0816,189.9693,112.5889,81.30507,2.0076752
togo,2022-07-19,250.81573,200.95918,83.01961,85.23513,1.5030891
togo,2022-07-20,158.14906,44.21979,132.14125,88.092964,1.5054356
togo,2022-07-21,149.39684,49.09863,113.68221,83.75274,1.932781
togo,2022-07-22,248.71841,134.05,137.90442,82.57986,0.82239133
togo,2022-07-23,262.03305,193.08005,106.42188,80.84197,1.2833693
togo,2022-07-24,267.9288,237.67847,77.30112,79.41875,1.7207665
togo,2022-07-25,257.67224,161.17378,118.71559,79.361046,1.75007
togo,2022-07-26,240.1735,125.92291,124.92716,82.1541,1.9980235
togo,2022-07-27,169.24007,79.142,115.639786,83.462425,2.4455714
togo,2022-07-28,242.53255,120.32566,132.55391,82.10889,1.5070966
togo,2022-07-29,266.039,202.31207,101.95327,80.104546,1.5097301
togo,2022-07-30,275.2598,215.77672,102.637634,73.46028,1.3222996
togo,2022-07-31,282.9851,228.29645,102.34871,64.3865,1.2451661
togo,2022-08-01,248.13261,140.16702,133.41826,70.86638,1.3373913
togo,2022-08-02,248.86618,170.74216,107.348885,69.36233,1.7114846
togo,2022-08-03,270.3179,208.9088,104.499084,65.5969,1.8597887
togo,2022-08-04,263.55634,209.30196,104.94246,62.806828,1.7829024
togo,2022-08-05,271.9403,280.09387,62.56917,57.0448,1.8056883
togo,2022-08-06,274.36163,272.20404,66.81457,50.166813,1.7664534
togo,2022-08-07,6.690323,9.146314,5.0391707,54.986176,0.6576037
